"","consent1","consent2","consent3","freediscount","paydiscount","fakeemail","likely1","likely2","likely3","likely4","annoyed1","annoyed2","annoyed3","annoyed4","control","reasonable1","reasonable2","reasonable3","reasonable4","reasonable5","reasonable6","reasonable7","reasonable8","reasonable9","comfortable1","comfortable2","comfortable3","comfortable4","comfortable5","comfortable6","comfortable7","comfortable8","comfortable9","ac","comfortable10","gender","age","comments","Condition","annoyed","likely","likelyy","annoyedsum","likelysum","likelysumm","discount","female","female2","discount2"
"4","Yes","Yes","Yes",0,100,7,7,7,7,7,7,7,7,7,1,1,1,7,1,1,1,1,1,1,1,1,7,1,1,1,1,1,7,"Somewhat flexible",0,"Male",60,"","2",7,7,7,28,28,28,100,0,0,100
"5","Yes","Yes","Yes",0,5,5,5,6,5,5,5,6,5,6,5,7,6,5,6,7,6,6,6,6,6,6,5,6,6,5,6,7,7,"Somewhat flexible",5,"Male",30,"","2",5.5,5.25,5.25,22,21,21,5,0,0,5
"6","Yes","Yes","Yes",20,0,7,7,7,7,4,7,7,7,7,1,7,7,4,1,1,4,1,1,1,7,7,4,1,1,4,1,1,1,"Somewhat flexible",0,"Female",28,"","1",7,6.25,6.25,28,25,25,20,1,1,20
"7","Yes","Yes","Yes",200,0,5,6,6,4,5,6,6,4,5,6,4,6,6,5,6,5,7,5,4,6,6,7,4,6,6,5,6,5,"Somewhat flexible",6,"Male",29,"","1",5.25,5.25,5.25,21,21,21,200,0,0,200
"8","Yes","Yes","Yes",0,3,7,7,6,5,6,5,6,6,7,7,7,6,7,6,7,6,5,6,5,6,6,5,7,7,6,5,6,6,"Somewhat flexible",6,"Female",34,"","2",6,6,6,24,24,24,3,1,1,3
"9","Yes","Yes","Yes",0,45,3,6,5,5,4,2,2,4,3,4,4,5,5,2,1,4,3,1,3,2,4,5,2,1,2,1,3,3,"Somewhat flexible",5,"Male",33,"","2",2.75,5,5,11,20,20,45,0,0,45
"10","Yes","Yes","Yes",50,0,7,6,4,7,5,7,6,4,5,6,5,4,5,6,6,5,6,5,7,6,5,5,5,7,4,6,4,6,"Somewhat flexible",7,"Male",18,"","1",5.5,5.5,5.5,22,22,22,50,0,0,50
"11","Yes","Yes","Yes",0,100,1,7,7,7,7,1,1,7,7,1,7,7,7,7,1,7,1,1,7,7,7,7,7,1,7,1,7,7,"Somewhat flexible",7,"Female",34,"","2",4,7,7,16,28,28,100,1,1,100
"12","Yes","Yes","Yes",0,50,5,5,5,5,4,4,5,5,4,5,4,5,5,4,5,4,4,4,5,5,4,5,4,4,4,5,4,5,"Somewhat flexible",5,"Male",29,"","2",4.5,4.75,4.75,18,19,19,50,0,0,50
"13","Yes","Yes","Yes",50,0,2,7,7,5,5,5,5,7,7,1,6,7,7,6,1,7,1,7,7,4,5,7,5,1,4,1,7,7,"Somewhat flexible",4,"Male",47,"","1",6,6,6,24,24,24,50,0,0,50
"14","Yes","Yes","Yes",75,0,4,7,6,5,4,5,5,7,7,1,4,5,6,5,1,4,1,1,4,4,5,5,3,1,4,1,4,6,"Somewhat flexible",3,"Male",58,"","1",6,5.5,5.5,24,22,22,75,0,0,75
"15","Yes","Yes","Yes",10,0,2,7,7,7,7,1,1,3,3,6,5,5,5,5,5,5,5,5,5,5,5,5,5,5,3,5,5,5,"Somewhat flexible",6,"Male",38,"","1",2,7,7,8,28,28,10,0,0,10
"16","Yes","Yes","Yes",0,100,2,2,3,5,6,4,6,5,6,6,1,2,1,1,1,1,2,2,1,1,2,1,1,1,1,1,1,1,"Somewhat flexible",2,"Male",28,"","2",5.25,4,4,21,16,16,100,0,0,100
"17","Yes","Yes","Yes",0,5,6,5,6,4,5,6,5,5,4,5,6,4,5,5,6,5,6,5,4,5,5,6,6,5,4,4,5,6,"Somewhat flexible",6,"Female",32,"","2",5,5,5,20,20,20,5,1,1,5
"18","Yes","Yes","Yes",300,0,5,5,5,4,6,4,4,5,3,4,4,5,5,3,4,5,3,2,4,4,3,3,4,5,4,3,4,4,"Somewhat flexible",4,"Male",40,"","1",4,5,5,16,20,20,300,0,0,300
"19","Yes","Yes","Yes",23,0,7,6,7,7,6,5,7,7,6,6,5,7,7,6,7,6,6,7,7,7,5,6,5,6,6,7,6,7,"Somewhat flexible",7,"Male",44,"","1",6.25,6.5,6.5,25,26,26,23,0,0,23
"20","Yes","Yes","Yes",15,0,1,7,7,7,7,7,7,7,7,1,2,2,1,2,1,1,1,1,3,1,1,1,1,1,1,1,1,1,"Somewhat flexible",0,"Male",35,"","1",7,7,7,28,28,28,15,0,0,15
"21","Yes","Yes","Yes",50,0,3,6,6,5,5,7,4,7,7,2,4,6,5,3,1,5,2,4,5,7,7,6,5,1,6,1,7,7,"Somewhat flexible",5,"Male",28,"","1",6.25,5.5,5.5,25,22,22,50,0,0,50
"22","Yes","Yes","Yes",0,5,7,5,7,3,4,7,6,7,6,7,7,7,7,7,7,7,7,7,7,7,7,7,7,7,7,7,7,7,"Somewhat flexible",7,"Male",58,"","2",6.5,4.75,4.75,26,19,19,5,0,0,5
"23","Yes","Yes","Yes",0,450,5,7,5,6,6,7,6,5,7,6,7,5,7,6,5,7,7,6,6,6,5,5,6,6,6,7,5,7,"Somewhat flexible",7,"Female",35,"","2",6.25,6,6,25,24,24,450,1,1,450
"24","Yes","Yes","Yes",10,0,7,6,6,7,5,5,6,7,6,7,6,5,7,5,7,6,6,7,6,7,7,6,6,5,6,6,5,7,"Somewhat flexible",7,"Male",43,"","1",6,6,6,24,24,24,10,0,0,10
"25","Yes","Yes","Yes",20,0,5,7,5,4,6,6,6,7,7,6,7,2,5,7,7,7,6,6,5,6,6,5,6,7,7,7,6,5,"Somewhat flexible",6,"Male",30,"","1",6.5,5.5,5.5,26,22,22,20,0,0,20
"26","Yes","Yes","Yes",500,0,5,5,5,5,6,6,6,5,6,5,5,5,5,6,6,6,6,5,6,7,6,6,6,7,7,7,5,6,"Somewhat flexible",5,"Female",40,"","1",5.75,5.25,5.25,23,21,21,500,1,1,500
"27","Yes","Yes","Yes",0,100,6,1,1,1,3,7,7,7,7,3,1,4,1,1,1,4,1,1,1,1,4,1,1,1,1,1,1,2,"Somewhat flexible",0,"Male",29,"","2",7,1.5,1.5,28,6,6,100,0,0,100
"28","Yes","Yes","Yes",50,0,7,6,7,7,6,7,6,6,7,7,7,6,6,6,7,6,7,6,6,6,6,6,6,7,7,7,6,7,"Somewhat flexible",7,"Female",49,"","1",6.5,6.5,6.5,26,26,26,50,1,1,50
"29","Yes","Yes","Yes",25,0,6,6,6,7,6,7,6,6,6,6,6,6,6,7,6,7,7,7,6,7,7,6,6,6,6,6,6,7,"Somewhat flexible",6,"Female",25,"","1",6.25,6.25,6.25,25,25,25,25,1,1,25
"30","Yes","Yes","Yes",0,495,7,6,6,7,7,6,6,7,7,7,7,7,7,7,7,6,7,6,6,7,6,6,7,7,7,7,7,6,"Somewhat flexible",7,"Male",43,"","2",6.5,6.5,6.5,26,26,26,495,0,0,495
"31","Yes","Yes","Yes",0,25,7,4,4,4,4,4,4,4,4,7,6,6,6,6,6,6,6,6,6,7,7,7,3,5,7,6,7,7,"Somewhat flexible",7,"Male",29,"","2",4,4,4,16,16,16,25,0,0,25
"32","Yes","Yes","Yes",0,10,4,4,6,4,5,5,6,4,5,3,6,4,6,4,4,5,6,5,6,6,4,5,2,4,2,7,5,4,"Somewhat flexible",5,"Female",54,"","2",5,4.75,4.75,20,19,19,10,1,1,10
"33","Yes","Yes","Yes",0,5,7,6,7,7,6,7,6,7,6,7,7,6,7,6,7,7,6,7,6,6,6,6,7,6,7,7,7,7,"Somewhat flexible",7,"Male",61,"","2",6.5,6.5,6.5,26,26,26,5,0,0,5
"34","Yes","Yes","Yes",0,5,6,5,6,5,6,7,6,5,6,6,7,6,6,7,7,7,5,7,7,7,5,5,6,5,5,6,7,7,"Somewhat flexible",5,"Male",30,"","2",6,5.5,5.5,24,22,22,5,0,0,5
"35","Yes","Yes","Yes",0,98,6,6,6,7,7,7,7,6,6,6,6,7,7,6,7,6,7,6,6,6,7,7,6,6,6,6,7,7,"Somewhat flexible",7,"Male",27,"","2",6.5,6.5,6.5,26,26,26,98,0,0,98
"36","Yes","Yes","Yes",0,500,6,5,6,6,5,5,6,6,6,6,7,6,5,5,6,6,6,6,5,6,7,7,5,6,5,6,6,7,"Somewhat flexible",7,"Female",25,"","2",5.75,5.5,5.5,23,22,22,500,1,1,500
"37","Yes","Yes","Yes",100,0,2,6,5,7,5,4,5,7,6,5,7,6,6,6,7,7,7,6,7,7,7,6,7,7,6,6,7,6,"Somewhat flexible",6,"Male",26,"","1",5.5,5.75,5.75,22,23,23,100,0,0,100
"38","Yes","Yes","Yes",200,0,6,5,6,6,7,7,5,6,6,6,6,6,6,6,6,7,7,6,6,6,6,6,6,6,6,5,7,6,"Somewhat flexible",6,"Male",30,"","1",6,6,6,24,24,24,200,0,0,200
"40","Yes","Yes","Yes",0,50,5,4,5,3,5,5,4,4,5,5,4,4,4,5,4,5,5,5,5,5,5,4,5,4,4,5,5,4,"Somewhat flexible",5,"Male",29,"","2",4.5,4.25,4.25,18,17,17,50,0,0,50
"41","Yes","Yes","Yes",1,0,3,2,1,1,1,4,4,6,5,4,6,3,7,4,5,3,5,2,4,4,4,5,5,3,6,4,5,7,"Somewhat flexible",4,"Male",30,"","1",4.75,1.25,1.25,19,5,5,1,0,0,1
"42","Yes","Yes","Yes",50,0,6,7,6,5,6,5,6,6,7,6,6,7,6,7,6,7,4,5,6,6,7,5,6,5,5,6,6,7,"Somewhat flexible",5,"Male",37,"","1",6,6,6,24,24,24,50,0,0,50
"43","Yes","Yes","Yes",0,3,6,6,6,5,4,5,6,5,6,6,6,6,5,6,7,5,6,6,6,5,6,5,6,6,6,7,5,6,"Somewhat flexible",6,"Male",28,"","2",5.5,5.25,5.25,22,21,21,3,0,0,3
"44","Yes","Yes","Yes",0,50,7,4,6,5,7,6,5,4,7,7,6,4,6,7,5,4,6,7,5,6,7,5,5,6,6,7,4,4,"Somewhat flexible",7,"Female",68,"","2",5.5,5.5,5.5,22,22,22,50,1,1,50
"45","Yes","Yes","Yes",25,0,6,7,5,6,6,5,6,7,5,6,7,7,5,7,4,6,3,6,6,6,7,5,7,4,7,6,3,4,"Somewhat flexible",7,"Male",52,"","1",5.75,6,6,23,24,24,25,0,0,25
"46","Yes","Yes","Yes",0,100,6,7,6,7,6,7,6,6,7,1,5,4,5,1,1,1,2,2,5,5,2,4,1,1,1,1,1,1,"Somewhat flexible",3,"Male",37,"","2",6.5,6.5,6.5,26,26,26,100,0,0,100
"47","Yes","Yes","Yes",100,0,1,7,7,5,6,1,1,7,7,7,7,7,6,6,1,6,4,1,4,7,7,7,7,1,5,1,1,1,"Somewhat flexible",2,"Female",48,"","1",4,6.25,6.25,16,25,25,100,1,1,100
"48","Yes","Yes","Yes",25,0,1,7,6,5,5,1,2,6,3,1,4,4,5,2,1,3,3,6,6,4,4,4,2,1,2,4,6,6,"Somewhat flexible",3,"Male",60,"","1",3,5.75,5.75,12,23,23,25,0,0,25
"49","Yes","Yes","Yes",0,100,4,5,4,5,4,5,5,4,3,5,6,6,5,6,5,6,5,6,5,5,6,7,7,5,6,6,6,6,"Somewhat flexible",6,"Male",27,"","2",4.25,4.5,4.5,17,18,18,100,0,0,100
"50","Yes","Yes","Yes",0,20,6,6,6,7,6,7,5,7,6,6,5,7,6,6,6,6,5,7,4,5,6,7,6,6,4,7,6,7,"Somewhat flexible",6,"Male",32,"","2",6.25,6.25,6.25,25,25,25,20,0,0,20
"51","Yes","Yes","Yes",0,3,7,6,5,5,7,7,5,6,6,7,5,6,6,6,5,6,7,6,7,5,7,6,7,6,7,6,6,5,"Somewhat flexible",7,"Female",34,"","2",6,5.75,5.75,24,23,23,3,1,1,3
"52","Yes","Yes","Yes",0,50,1,7,7,1,4,2,1,7,7,4,7,7,7,1,1,7,1,1,7,7,7,7,1,1,7,1,7,7,"Somewhat flexible",6,"Male",65,"","2",4.25,4.75,4.75,17,19,19,50,0,0,50
"53","Yes","Yes","Yes",450,0,1,6,4,5,3,6,5,5,6,5,6,7,4,2,2,5,4,5,6,6,6,6,2,3,4,4,6,7,"Somewhat flexible",5,"Male",25,"","1",5.5,4.5,4.5,22,18,18,450,0,0,450
"54","Yes","Yes","Yes",0,5,7,6,7,7,7,7,7,7,6,7,7,7,7,7,7,7,7,7,7,7,7,7,7,7,7,7,7,7,"Somewhat flexible",7,"Male",58,"","2",6.75,6.75,6.75,27,27,27,5,0,0,5
"55","Yes","Yes","Yes",200,0,2,4,2,5,3,3,5,7,7,5,3,3,5,6,2,5,2,2,2,4,5,5,4,2,5,2,4,4,"Somewhat flexible",4,"Male",32,"","1",5.5,3.5,3.5,22,14,14,200,0,0,200
"56","Yes","Yes","Yes",150,0,6,7,6,7,4,7,7,5,6,7,7,6,2,7,6,7,2,7,7,7,7,2,7,7,7,3,3,7,"Somewhat flexible",6,"Male",30,"","1",6.25,6,6,25,24,24,150,0,0,150
"57","Yes","Yes","Yes",0,90,7,5,7,6,7,6,5,7,7,7,7,6,7,6,7,7,6,7,4,7,6,6,7,5,7,6,6,7,"Somewhat flexible",7,"Male",32,"","2",6.25,6.25,6.25,25,25,25,90,0,0,90
"58","Yes","Yes","Yes",0,100,7,6,6,6,7,7,6,6,5,6,6,4,7,6,6,7,7,7,7,7,3,7,6,7,7,7,7,7,"Somewhat flexible",7,"Female",35,"","2",6,6.25,6.25,24,25,25,100,1,1,100
"59","Yes","Yes","Yes",100,0,6,5,6,7,6,6,6,7,5,6,5,7,7,6,6,6,7,5,7,6,7,5,6,6,6,7,7,6,"Somewhat flexible",6,"Male",40,"","1",6,6,6,24,24,24,100,0,0,100
"60","Yes","Yes","Yes",0,10,6,6,7,7,5,7,7,4,6,6,6,5,7,6,7,7,7,7,6,7,5,4,6,6,7,6,7,7,"Somewhat flexible",7,"Male",44,"","2",6,6.25,6.25,24,25,25,10,0,0,10
"61","Yes","Yes","Yes",0,100,5,7,5,6,6,5,7,5,6,6,7,7,6,5,6,5,5,7,7,7,7,5,6,7,5,7,5,6,"Somewhat flexible",5,"Male",36,"","2",5.75,6,6,23,24,24,100,0,0,100
"62","Yes","Yes","Yes",0,50,5,6,6,6,6,6,4,5,5,6,5,5,5,5,5,5,5,5,5,5,5,5,5,5,5,5,5,5,"Somewhat flexible",6,"Male",59,"","2",5,6,6,20,24,24,50,0,0,50
"63","Yes","Yes","Yes",70,0,7,7,6,7,6,7,7,6,7,7,7,7,7,7,7,7,6,6,7,7,6,7,6,7,6,6,7,7,"Somewhat flexible",6,"Female",49,"","1",6.75,6.5,6.5,27,26,26,70,1,1,70
"64","Yes","Yes","Yes",100,0,3,2,3,2,1,7,7,7,7,1,1,4,1,1,1,3,1,1,1,1,3,1,1,1,3,1,1,1,"Somewhat flexible",2,"Male",29,"","1",7,2,2,28,8,8,100,0,0,100
"65","Yes","Yes","Yes",0,5,6,7,5,6,6,5,5,3,3,6,7,7,7,7,6,6,5,6,5,7,7,6,6,7,6,6,5,7,"Somewhat flexible",6,"Male",40,"","2",4,6,6,16,24,24,5,0,0,5
"66","Yes","Yes","Yes",50,0,6,7,6,4,5,5,7,4,6,6,5,5,5,4,6,4,6,6,7,7,6,7,7,6,6,7,7,7,"Somewhat flexible",6,"Male",58,"","1",5.5,5.5,5.5,22,22,22,50,0,0,50
"67","Yes","Yes","Yes",20,0,4,1,5,6,2,6,4,7,5,4,7,2,5,2,5,4,5,5,5,3,1,1,7,3,2,4,7,1,"Somewhat flexible",4,"Female",54,"","1",5.5,3.5,3.5,22,14,14,20,1,1,20
"68","Yes","Yes","Yes",500,0,6,4,6,5,5,5,4,5,6,5,5,5,4,5,4,6,5,6,4,5,6,6,4,6,4,5,5,5,"Somewhat flexible",5,"Female",32,"","1",5,5,5,20,20,20,500,1,1,500
"69","Yes","Yes","Yes",50,0,6,6,5,5,7,6,6,3,6,6,7,6,6,7,5,6,7,6,6,6,6,7,5,6,6,7,6,6,"Somewhat flexible",6,"Male",45,"","1",5.25,5.75,5.75,21,23,23,50,0,0,50
"70","Yes","Yes","Yes",300,0,4,4,5,5,3,6,4,3,5,5,3,4,7,5,4,5,6,6,6,6,5,4,3,4,5,5,6,7,"Somewhat flexible",5,"Male",65,"","1",4.5,4.25,4.25,18,17,17,300,0,0,300
"71","Yes","Yes","Yes",0,250,2,6,6,6,6,6,6,6,5,5,6,6,6,6,4,6,3,2,5,6,6,6,6,4,6,4,2,4,"Somewhat flexible",4,"Female",35,"","2",5.75,6,6,23,24,24,250,1,1,250
"72","Yes","Yes","Yes",25,0,3,5,5,7,6,6,7,6,6,6,5,6,6,6,4,6,6,6,7,6,6,6,5,4,6,5,6,7,"Somewhat flexible",6,"Male",26,"","1",6.25,5.75,5.75,25,23,23,25,0,0,25
"73","Yes","Yes","Yes",0,100,4,6,6,5,5,5,5,6,6,2,4,5,4,1,1,4,1,1,1,1,4,3,2,1,2,1,1,1,"Somewhat flexible",3,"Male",32,"","2",5.5,5.5,5.5,22,22,22,100,0,0,100
"75","Yes","Yes","Yes",100,0,5,5,5,4,5,6,5,5,4,5,5,6,6,5,6,5,5,6,5,6,4,4,6,5,6,6,5,5,"Somewhat flexible",5,"Male",40,"","1",5,4.75,4.75,20,19,19,100,0,0,100
"76","Yes","Yes","Yes",20,0,6,7,7,6,6,7,6,7,6,6,6,7,6,7,6,6,6,7,7,7,7,7,6,6,7,6,6,6,"Somewhat flexible",6,"Female",25,"","1",6.5,6.5,6.5,26,26,26,20,1,1,20
"77","Yes","Yes","Yes",75,0,3,7,6,6,7,7,5,6,6,5,6,6,7,5,6,7,6,7,6,7,6,7,7,6,7,6,6,6,"Somewhat flexible",6,"Male",27,"","1",6,6.5,6.5,24,26,26,75,0,0,75
"78","Yes","Yes","Yes",50,0,1,5,4,6,4,4,5,3,6,5,5,6,5,5,3,5,4,5,4,7,6,6,4,4,5,5,5,7,"Somewhat flexible",4,"Male",32,"","1",4.5,4.75,4.75,18,19,19,50,0,0,50
"79","Yes","Yes","Yes",400,0,6,5,6,6,5,6,6,6,7,6,7,6,6,5,6,6,5,6,6,6,6,6,5,6,5,7,6,6,"Somewhat flexible",7,"Female",25,"","1",6.25,5.5,5.5,25,22,22,400,1,1,400
"80","Yes","Yes","Yes",0,5,6,5,7,6,5,5,5,7,6,7,6,6,6,7,5,6,5,6,7,6,5,6,5,5,7,7,6,6,"Somewhat flexible",6,"Female",44,"","2",5.75,5.75,5.75,23,23,23,5,1,1,5
"81","Yes","Yes","Yes",250,0,4,5,6,4,4,7,4,5,7,4,4,4,6,6,5,6,5,5,7,6,3,5,5,5,4,5,5,3,"Somewhat flexible",4,"Male",38,"","1",5.75,4.75,4.75,23,19,19,250,0,0,250
"82","Yes","Yes","Yes",0,5,5,6,5,5,6,7,5,4,6,6,5,7,6,5,6,6,5,7,5,6,6,5,5,6,6,7,7,4,"Somewhat flexible",6,"Male",30,"","2",5.5,5.5,5.5,22,22,22,5,0,0,5
"83","Yes","Yes","Yes",10,0,6,6,6,5,7,5,6,6,7,6,5,6,5,5,7,6,6,7,6,7,6,7,6,5,6,5,6,5,"Somewhat flexible",7,"Female",34,"","1",6,6,6,24,24,24,10,1,1,10
"84","Yes","Yes","Yes",0,5,2,5,5,6,4,4,4,5,5,6,6,6,6,2,3,3,2,5,5,7,2,5,4,2,5,2,6,6,"Somewhat flexible",5,"Female",49,"","2",4.5,5,5,18,20,20,5,1,1,5
"85","Yes","Yes","Yes",25,0,1,6,7,5,5,2,3,4,4,3,6,6,6,6,3,5,4,4,6,6,7,7,6,3,7,3,4,6,"Somewhat flexible",5,"Female",26,"","1",3.25,5.75,5.75,13,23,23,25,1,1,25
"86","Yes","Yes","Yes",0,5,7,6,6,5,5,6,6,6,5,7,6,6,6,6,7,6,6,6,6,7,6,7,7,6,6,6,6,7,"Somewhat flexible",7,"Male",35,"","2",5.75,5.5,5.5,23,22,22,5,0,0,5
"87","Yes","Yes","Yes",0,5,7,7,6,6,7,7,6,6,7,7,7,6,6,6,6,7,7,7,6,6,7,7,6,6,7,6,7,6,"Somewhat flexible",7,"Male",61,"","2",6.5,6.5,6.5,26,26,26,5,0,0,5
"88","Yes","Yes","Yes",50,0,4,1,2,2,1,2,2,2,6,3,2,2,5,1,1,1,2,5,6,1,2,2,1,1,2,1,4,2,"Somewhat flexible",4,"Male",28,"","1",3,1.5,1.5,12,6,6,50,0,0,50
"89","Yes","Yes","Yes",0,50,3,7,7,6,5,1,1,7,6,7,4,7,6,1,1,1,1,1,3,4,7,6,1,1,1,1,1,1,"Somewhat flexible",2,"Female",57,"","2",3.75,6.25,6.25,15,25,25,50,1,1,50
"90","Yes","Yes","Yes",0,90,7,5,7,6,6,5,7,6,6,6,7,7,6,7,6,6,5,6,5,6,6,7,5,6,6,5,5,7,"Somewhat flexible",7,"Female",55,"","2",6,6,6,24,24,24,90,1,1,90
"91","Yes","Yes","Yes",0,25,7,7,7,6,6,6,7,7,5,2,7,3,6,7,7,6,7,6,7,7,6,7,6,7,7,7,7,6,"Somewhat flexible",7,"Male",42,"","2",6.25,6.5,6.5,25,26,26,25,0,0,25
"92","Yes","Yes","Yes",5,0,5,5,5,5,5,5,5,5,5,5,5,5,5,6,6,5,5,6,5,6,5,6,5,5,5,6,5,6,"Somewhat flexible",5,"Male",28,"","1",5,5,5,20,20,20,5,0,0,5
"93","Yes","Yes","Yes",40,0,1,6,6,5,5,6,7,6,6,5,7,7,5,6,4,6,4,4,7,7,6,6,6,4,6,4,4,7,"Somewhat flexible",6,"Male",58,"","1",6.25,5.5,5.5,25,22,22,40,0,0,40
"94","Yes","Yes","Yes",0,50,6,5,5,6,6,6,5,5,6,5,5,6,5,5,5,6,4,6,5,5,4,5,4,6,6,4,5,4,"Somewhat flexible",5,"Female",31,"","2",5.5,5.5,5.5,22,22,22,50,1,1,50
"95","Yes","Yes","Yes",0,20,6,7,6,7,6,7,7,7,7,1,6,4,7,1,1,1,1,1,1,4,2,7,2,1,1,1,6,7,"Somewhat flexible",3,"Male",26,"","2",7,6.5,6.5,28,26,26,20,0,0,20
"96","Yes","Yes","Yes",20,0,1,6,7,6,6,6,7,6,6,5,6,6,6,6,6,6,6,6,6,6,6,6,6,6,6,6,6,6,"Somewhat flexible",6,"Female",27,"","1",6.25,6.25,6.25,25,25,25,20,1,1,20
"97","Yes","Yes","Yes",0,50,3,4,5,5,5,4,6,5,4,4,5,5,5,5,5,5,5,5,5,5,5,5,5,6,5,5,5,5,"Somewhat flexible",5,"Female",28,"","2",4.75,4.75,4.75,19,19,19,50,1,1,50
"98","Yes","Yes","Yes",0,75,1,7,7,1,1,1,1,7,7,6,7,7,7,6,1,7,1,1,7,7,7,7,7,1,7,1,7,7,"Somewhat flexible",6,"Male",65,"","2",4,4,4,16,16,16,75,0,0,75
"99","Yes","Yes","Yes",20,0,6,6,7,6,7,6,7,6,7,6,6,7,6,6,6,7,7,6,7,7,6,7,6,7,7,6,6,6,"Somewhat flexible",6,"Female",25,"","1",6.5,6.5,6.5,26,26,26,20,1,1,20
"100","Yes","Yes","Yes",0,20,4,2,7,5,4,5,2,7,3,5,7,2,2,6,5,2,4,3,5,4,2,6,5,6,3,1,4,1,"Somewhat flexible",6,"Female",54,"","2",4.25,4.5,4.5,17,18,18,20,1,1,20
"101","Yes","Yes","Yes",50,0,5,5,5,5,5,5,5,5,5,5,5,5,5,5,5,5,5,5,5,5,5,5,5,5,5,5,5,5,"Somewhat flexible",6,"Male",59,"","1",5,5,5,20,20,20,50,0,0,50
"102","Yes","Yes","Yes",0,5,7,5,6,6,6,5,7,6,6,6,6,6,5,7,6,6,5,7,6,6,6,7,7,5,6,5,7,6,"Somewhat flexible",6,"Female",44,"","2",6,5.75,5.75,24,23,23,5,1,1,5
"103","Yes","Yes","Yes",40,0,5,6,6,7,6,5,6,6,5,5,6,7,6,5,5,6,6,6,5,7,7,6,6,5,6,5,7,5,"Somewhat flexible",6,"Male",37,"","1",5.5,6.25,6.25,22,25,25,40,0,0,40
"104","Yes","Yes","Yes",20,0,6,7,6,6,5,5,6,7,5,6,6,7,7,6,7,6,5,6,6,6,6,6,6,6,6,6,6,6,"Somewhat flexible",6,"Male",32,"","1",5.75,6,6,23,24,24,20,0,0,20
"105","Yes","Yes","Yes",0,3,3,3,4,6,5,4,4,3,6,5,6,1,4,4,3,3,2,7,2,6,6,4,3,4,1,2,4,1,"Somewhat flexible",5,"Male",43,"","2",4.25,4.5,4.5,17,18,18,3,0,0,3
"106","Yes","Yes","Yes",25,0,6,5,5,6,6,5,6,5,7,4,7,7,6,7,3,6,5,4,5,7,7,4,7,4,7,6,6,6,"Somewhat flexible",7,"Male",52,"","1",5.75,5.5,5.5,23,22,22,25,0,0,25
"107","Yes","Yes","Yes",500,0,1,5,6,5,5,5,5,5,5,5,5,5,5,5,5,5,5,5,5,5,5,5,5,5,5,5,5,5,"Somewhat flexible",5,"Male",30,"","1",5,5.25,5.25,20,21,21,500,0,0,500
"108","Yes","Yes","Yes",0,50,7,6,7,7,6,5,6,5,7,7,7,6,7,4,5,6,6,6,6,5,6,7,7,6,4,7,6,6,"Somewhat flexible",7,"Female",63,"","2",5.75,6.5,6.5,23,26,26,50,1,1,50
"109","Yes","Yes","Yes",30,0,7,6,7,7,6,6,7,7,6,7,6,6,7,6,7,7,6,7,7,6,6,6,7,7,7,7,6,7,"Somewhat flexible",7,"Female",42,"","1",6.5,6.5,6.5,26,26,26,30,1,1,30
"110","Yes","Yes","Yes",0,5,5,4,5,5,5,4,5,4,5,5,5,6,6,6,5,6,5,5,5,6,6,5,6,6,6,5,6,6,"Somewhat flexible",5,"Male",28,"","2",4.5,4.75,4.75,18,19,19,5,0,0,5
"111","Yes","Yes","Yes",0,50,6,6,5,5,6,6,6,5,5,6,6,5,5,6,4,6,6,6,6,6,6,5,5,6,6,6,6,6,"Somewhat flexible",7,"Male",26,"","2",5.5,5.5,5.5,22,22,22,50,0,0,50
"112","Yes","Yes","Yes",100,0,3,4,6,5,5,5,4,6,5,5,7,4,6,6,7,6,5,6,7,7,4,7,3,6,4,5,7,7,"Somewhat flexible",4,"Female",25,"","1",5,5,5,20,20,20,100,1,1,100
"113","Yes","Yes","Yes",0,99,7,7,7,7,7,7,7,7,7,7,7,7,7,7,7,7,7,7,7,7,7,7,7,7,7,7,7,7,"Somewhat flexible",7,"Female",25,"","2",7,7,7,28,28,28,99,1,1,99
"114","Yes","Yes","Yes",0,10,6,5,6,7,6,5,6,6,7,6,5,6,7,6,6,7,6,6,5,7,6,6,6,7,7,6,7,6,"Somewhat flexible",7,"Male",35,"","2",6,6,6,24,24,24,10,0,0,10
"115","Yes","Yes","Yes",25,0,1,6,6,6,6,6,6,6,6,7,6,6,6,6,6,6,6,6,6,7,7,6,5,6,6,6,6,6,"Somewhat flexible",7,"Male",29,"","1",6,6,6,24,24,24,25,0,0,25
"116","Yes","Yes","Yes",0,100,3,6,5,6,4,5,5,6,5,2,2,5,1,1,1,3,1,3,4,2,3,1,1,1,1,1,4,4,"Somewhat flexible",2,"Female",37,"","2",5.25,5.25,5.25,21,21,21,100,1,1,100
"117","Yes","Yes","Yes",50,0,7,7,6,7,7,7,6,6,6,7,7,7,6,6,6,7,7,7,6,6,5,7,6,6,5,7,6,7,"Somewhat flexible",7,"Male",29,"","1",6.25,6.75,6.75,25,27,27,50,0,0,50
"118","Yes","Yes","Yes",0,5,7,7,7,7,6,7,7,6,7,7,6,7,6,7,6,7,5,6,7,7,6,7,6,7,6,6,5,7,"Somewhat flexible",7,"Male",67,"","2",6.75,6.75,6.75,27,27,27,5,0,0,5
"119","Yes","Yes","Yes",0,100,7,6,6,5,7,7,6,5,6,7,7,4,7,7,7,7,7,7,6,7,1,7,7,7,7,7,7,7,"Somewhat flexible",0,"Female",35,"","2",6,6,6,24,24,24,100,1,1,100
"120","Yes","Yes","Yes",20,0,6,5,6,7,7,6,6,5,7,5,7,6,6,7,7,4,6,7,6,7,6,7,6,4,7,5,7,5,"Somewhat flexible",6,"Male",30,"","1",6,6.25,6.25,24,25,25,20,0,0,20
"121","Yes","Yes","Yes",0,5,7,5,3,7,7,6,4,5,7,7,6,7,7,5,4,6,4,7,5,3,5,4,6,5,6,6,7,7,"Somewhat flexible",7,"Male",49,"","2",5.5,5.5,5.5,22,22,22,5,0,0,5
"122","Yes","Yes","Yes",5,0,7,6,7,6,5,4,7,5,6,6,6,6,7,5,7,6,5,7,6,6,6,5,7,5,6,6,7,6,"Somewhat flexible",7,"Female",34,"","1",5.5,6,6,22,24,24,5,1,1,5
"123","Yes","Yes","Yes",100,0,7,7,6,7,7,4,4,7,7,1,1,1,1,1,1,1,1,1,3,1,1,1,1,1,1,1,1,1,"Somewhat flexible",0,"Male",25,"","1",5.5,6.75,6.75,22,27,27,100,0,0,100
"124","Yes","Yes","Yes",30,0,7,7,7,7,7,1,1,1,1,7,1,1,1,1,1,1,7,1,1,7,7,1,1,1,1,7,7,7,"Somewhat flexible",7,"Female",30,"","1",1,7,7,4,28,28,30,1,1,30
"125","Yes","Yes","Yes",0,100,2,7,6,4,4,6,5,7,7,2,5,6,6,3,1,6,2,4,4,4,4,5,2,1,4,2,5,6,"Somewhat flexible",2,"Female",25,"","2",6.25,5.25,5.25,25,21,21,100,1,1,100
"126","Yes","Yes","Yes",0,5,7,7,6,7,6,6,7,6,7,7,7,6,6,6,7,6,7,7,7,7,7,7,6,7,7,7,7,7,"Somewhat flexible",7,"Male",46,"","2",6.5,6.5,6.5,26,26,26,5,0,0,5
"127","Yes","Yes","Yes",50,0,6,5,5,6,6,5,6,5,6,6,5,5,6,6,5,6,6,6,5,7,6,5,6,5,6,6,6,5,"Somewhat flexible",6,"Female",30,"","1",5.5,5.5,5.5,22,22,22,50,1,1,50
"128","Yes","Yes","Yes",250,0,7,6,4,6,4,7,6,7,7,6,7,6,6,7,7,5,5,7,6,6,7,5,6,7,7,5,5,6,"Somewhat flexible",7,"Male",42,"","1",6.75,5,5,27,20,20,250,0,0,250
"129","Yes","Yes","Yes",0,100,1,1,1,7,7,7,7,7,7,1,1,1,1,1,1,1,1,1,1,1,1,1,1,1,1,1,1,1,"Somewhat flexible",0,"Male",48,"","2",7,4,4,28,16,16,100,0,0,100
"130","Yes","Yes","Yes",0,50,5,4,4,4,6,3,3,4,6,4,6,4,4,5,2,5,2,2,3,4,4,5,4,2,5,3,2,2,"Somewhat flexible",3,"Female",32,"","2",4,4.5,4.5,16,18,18,50,1,1,50
"131","Yes","Yes","Yes",20,0,2,5,5,6,6,2,2,1,2,3,6,5,6,7,6,6,4,1,2,7,6,5,6,5,7,5,2,6,"Somewhat flexible",5,"Male",36,"","1",1.75,5.5,5.5,7,22,22,20,0,0,20
"132","Yes","Yes","Yes",5,0,7,5,6,6,7,5,6,6,7,7,7,6,6,7,6,7,5,6,5,6,7,6,7,7,6,7,6,5,"Somewhat flexible",7,"Male",40,"","1",6,6,6,24,24,24,5,0,0,5
"134","Yes","Yes","Yes",150,0,5,6,5,6,5,6,6,6,7,6,6,6,5,5,6,5,6,6,5,7,7,6,7,6,5,6,6,6,"Somewhat flexible",5,"Male",25,"","1",6.25,5.5,5.5,25,22,22,150,0,0,150
"136","Yes","Yes","Yes",100,0,5,4,4,6,4,4,4,5,5,5,4,3,2,3,4,3,3,4,3,4,6,4,6,5,4,5,4,4,"Somewhat flexible",5,"Male",27,"","1",4.5,4.5,4.5,18,18,18,100,0,0,100
"137","Yes","Yes","Yes",500,0,6,6,5,7,6,7,5,6,6,7,6,7,5,7,7,6,6,7,5,7,5,5,6,5,7,6,7,6,"Somewhat flexible",7,"Male",29,"","1",6,6,6,24,24,24,500,0,0,500
"138","Yes","Yes","Yes",0,100,7,7,7,7,7,3,5,7,7,1,7,1,1,1,1,1,1,6,7,3,1,1,1,1,1,1,7,7,"Somewhat flexible",0,"Male",37,"","2",5.5,7,7,22,28,28,100,0,0,100
"140","Yes","Yes","Yes",0,3,3,5,6,5,2,5,7,7,1,5,1,4,5,2,4,7,3,1,2,2,4,6,7,4,6,3,3,6,"Somewhat flexible",5,"Male",43,"","2",5,4.5,4.5,20,18,18,3,0,0,3
"141","Yes","Yes","Yes",0,40,5,4,6,4,5,6,5,4,4,4,5,4,5,4,5,4,6,5,6,5,5,6,6,4,6,6,6,5,"Somewhat flexible",5,"Male",33,"","2",4.75,4.75,4.75,19,19,19,40,0,0,40
"142","Yes","Yes","Yes",0,5,4,3,3,5,5,3,3,5,5,4,4,5,6,4,5,4,6,4,3,6,6,7,4,4,5,6,5,5,"Somewhat flexible",4,"Female",30,"","2",4,4,4,16,16,16,5,1,1,5
"143","Yes","Yes","Yes",0,5,6,6,7,6,6,7,6,7,6,6,6,7,7,7,6,6,6,6,7,7,6,7,6,7,7,6,7,6,"Somewhat flexible",6,"Male",25,"","2",6.5,6.25,6.25,26,25,25,5,0,0,5
"144","Yes","Yes","Yes",450,0,2,3,5,6,6,3,6,4,6,6,7,7,6,2,2,4,4,7,7,7,2,6,5,2,4,4,7,6,"Somewhat flexible",5,"Male",25,"","1",4.75,5,5,19,20,20,450,0,0,450
"145","Yes","Yes","Yes",200,0,5,1,1,1,1,1,1,1,1,2,2,2,2,1,1,1,1,1,1,1,1,1,1,1,1,1,1,1,"Somewhat flexible",3,"Male",42,"","1",1,1,1,4,4,4,200,0,0,200
"146","Yes","Yes","Yes",0,5,2,6,5,4,4,4,5,5,6,3,5,5,4,3,5,3,4,2,6,3,4,6,5,5,4,5,4,4,"Somewhat flexible",4,"Male",40,"","2",5,4.75,4.75,20,19,19,5,0,0,5
"147","Yes","Yes","Yes",12,0,4,3,4,1,6,3,4,6,2,4,5,2,4,2,4,3,3,6,2,4,1,5,2,3,3,1,4,5,"Somewhat flexible",3,"Male",36,"","1",3.75,3.5,3.5,15,14,14,12,0,0,12
"148","Yes","Yes","Yes",0,5,5,6,5,7,6,5,5,5,6,5,5,5,7,6,6,6,6,7,6,6,6,6,7,5,5,7,7,6,"Somewhat flexible",6,"Male",63,"","2",5.25,6,6,21,24,24,5,0,0,5
"149","Yes","Yes","Yes",0,260,6,7,6,5,6,5,6,6,6,6,7,7,7,7,7,7,7,7,7,7,7,7,7,7,7,7,6,7,"Somewhat flexible",6,"Male",58,"","2",5.75,6,6,23,24,24,260,0,0,260
"150","Yes","Yes","Yes",0,10,1,6,7,7,4,6,7,7,5,7,5,6,6,7,7,6,6,7,5,6,5,5,7,5,7,6,7,6,"Somewhat flexible",7,"Male",49,"","2",6.25,6,6,25,24,24,10,0,0,10
"151","Yes","Yes","Yes",0,90,7,7,7,7,7,7,7,7,7,7,7,7,7,7,7,7,7,7,7,7,7,7,7,7,7,7,7,7,"Somewhat flexible",7,"Female",25,"","2",7,7,7,28,28,28,90,1,1,90
"152","Yes","Yes","Yes",30,0,1,4,3,4,3,4,3,2,2,4,4,4,3,4,4,3,4,4,3,4,3,3,4,3,4,3,3,3,"Somewhat flexible",3,"Male",36,"","1",2.75,3.5,3.5,11,14,14,30,0,0,30
"154","Yes","Yes","Yes",0,5,5,5,5,6,5,5,5,5,2,7,6,6,5,6,6,6,7,6,6,6,6,2,7,6,7,7,6,7,"Somewhat flexible",4,"Male",30,"","2",4.25,5.25,5.25,17,21,21,5,0,0,5
"155","Yes","Yes","Yes",0,150,6,7,7,6,6,5,5,6,6,3,4,5,5,2,1,3,2,4,4,2,4,4,2,1,3,2,4,4,"Somewhat flexible",2,"Male",19,"","2",5.5,6.5,6.5,22,26,26,150,0,0,150
"156","Yes","Yes","Yes",0,45,6,4,5,4,3,4,7,6,7,5,5,7,7,7,7,6,6,6,5,5,4,4,5,4,3,4,5,5,"Somewhat flexible",5,"Male",28,"","2",6,4,4,24,16,16,45,0,0,45
"157","Yes","Yes","Yes",100,0,5,6,6,5,5,6,7,5,6,5,6,6,6,6,6,7,7,7,7,7,6,6,5,6,5,7,7,7,"Somewhat flexible",5,"Male",36,"","1",6,5.5,5.5,24,22,22,100,0,0,100
"158","Yes","Yes","Yes",75,0,2,5,5,6,5,6,6,5,4,3,7,7,6,6,5,7,2,4,6,6,6,7,7,5,6,3,3,6,"Somewhat flexible",5,"Female",27,"","1",5.25,5.25,5.25,21,21,21,75,1,1,75
"159","Yes","Yes","Yes",0,5,7,6,6,6,6,2,2,4,4,7,6,6,6,6,6,6,6,6,6,6,6,6,6,6,6,6,6,6,"Somewhat flexible",7,"Male",35,"","2",3,6,6,12,24,24,5,0,0,5
"160","Yes","Yes","Yes",5,0,7,4,6,7,7,6,5,7,5,6,7,7,6,6,4,5,7,4,4,7,7,5,4,6,4,7,7,5,"Somewhat flexible",7,"Male",49,"","1",5.75,6,6,23,24,24,5,0,0,5
"161","Yes","Yes","Yes",100,0,3,5,6,4,5,4,4,4,5,6,6,6,4,6,5,5,4,5,5,5,4,6,5,4,4,5,4,5,"Somewhat flexible",5,"Female",41,"","1",4.25,5,5,17,20,20,100,1,1,100
"162","Yes","Yes","Yes",300,0,6,7,7,5,6,6,6,5,7,5,6,7,6,5,5,4,7,7,5,5,4,7,5,6,7,3,7,6,"Somewhat flexible",6,"Male",45,"","1",6,6.25,6.25,24,25,25,300,0,0,300
"163","Yes","Yes","Yes",50,0,5,4,5,4,3,5,3,4,3,4,3,5,4,5,4,5,4,5,5,6,6,5,4,5,4,5,5,4,"Somewhat flexible",5,"Male",47,"","1",3.75,4,4,15,16,16,50,0,0,50
"164","Yes","Yes","Yes",0,50,7,7,6,6,7,6,6,7,7,7,6,7,6,7,6,7,6,7,7,7,7,7,7,6,7,6,6,6,"Somewhat flexible",7,"Female",42,"","2",6.5,6.5,6.5,26,26,26,50,1,1,50
"165","Yes","Yes","Yes",500,0,5,6,6,6,6,6,6,6,6,6,6,6,6,6,6,6,6,6,6,6,6,6,6,6,6,6,6,6,"Somewhat flexible",6,"Male",63,"","1",6,6,6,24,24,24,500,0,0,500
"166","Yes","Yes","Yes",0,100,6,5,6,6,5,6,6,6,7,6,7,7,6,6,7,7,7,6,7,5,6,5,6,6,6,6,5,5,"Somewhat flexible",6,"Male",25,"","2",6.25,5.5,5.5,25,22,22,100,0,0,100
"167","Yes","Yes","Yes",0,100,6,6,6,5,7,6,5,7,6,6,5,6,6,5,7,6,6,7,6,6,5,5,7,6,7,6,7,6,"Somewhat flexible",6,"Male",40,"","2",6,6,6,24,24,24,100,0,0,100
"168","Yes","Yes","Yes",100,0,7,7,7,7,7,3,7,7,7,3,1,1,1,1,1,1,1,7,7,3,1,1,1,1,1,1,7,7,"Somewhat flexible",0,"Male",37,"","1",6,7,7,24,28,28,100,0,0,100
"169","Yes","Yes","Yes",40,0,1,7,6,6,5,6,7,7,6,6,7,7,6,7,6,6,4,4,7,7,7,6,6,6,5,4,4,7,"Somewhat flexible",6,"Male",58,"","1",6.5,6,6,26,24,24,40,0,0,40
"170","Yes","Yes","Yes",5,0,4,5,4,4,4,4,4,4,4,4,4,4,4,4,1,4,1,4,4,4,3,3,4,1,4,3,3,3,"Somewhat flexible",4,"Male",35,"","1",4,4.25,4.25,16,17,17,5,0,0,5
"171","Yes","Yes","Yes",50,0,7,7,5,7,6,6,5,6,7,7,6,6,6,7,7,6,5,6,5,5,7,6,5,7,6,6,6,7,"Somewhat flexible",7,"Male",37,"","1",6,6.25,6.25,24,25,25,50,0,0,50
"172","Yes","Yes","Yes",100,0,5,5,5,6,6,6,5,4,5,6,6,6,7,7,3,7,6,6,6,7,7,6,7,2,7,6,6,7,"Somewhat flexible",6,"Male",28,"","1",5,5.5,5.5,20,22,22,100,0,0,100
"173","Yes","Yes","Yes",100,0,3,5,5,4,5,5,6,4,5,6,7,5,6,5,7,7,5,7,7,7,3,7,4,6,6,5,7,7,"Somewhat flexible",4,"Female",25,"","1",5,4.75,4.75,20,19,19,100,1,1,100
"174","Yes","Yes","Yes",0,25,1,6,5,5,4,6,4,3,3,5,7,7,6,7,1,6,1,7,1,7,7,7,7,2,7,2,2,1,"Somewhat flexible",5,"Female",32,"","2",4,5,5,16,20,20,25,1,1,25
"175","Yes","Yes","Yes",0,500,6,7,6,5,6,6,5,7,6,6,5,6,7,6,7,5,5,6,6,6,6,7,6,5,7,7,5,6,"Somewhat flexible",6,"Male",30,"","2",6,6,6,24,24,24,500,0,0,500
"176","Yes","Yes","Yes",0,50,7,7,6,7,7,7,7,6,6,6,5,7,7,6,5,6,7,7,6,7,7,5,7,6,6,7,6,7,"Somewhat flexible",7,"Male",35,"","2",6.5,6.75,6.75,26,27,27,50,0,0,50
"177","Yes","Yes","Yes",0,500,6,6,7,5,6,7,6,6,5,6,6,7,5,6,5,7,6,5,6,7,6,5,6,6,5,7,6,4,"Somewhat flexible",6,"Female",40,"","2",6,6,6,24,24,24,500,1,1,500
"178","Yes","Yes","Yes",0,5,2,5,6,4,5,3,6,5,4,4,5,4,6,5,4,6,6,4,4,6,5,6,5,4,7,3,4,6,"Somewhat flexible",4,"Female",30,"","2",4.5,5,5,18,20,20,5,1,1,5
"179","Yes","Yes","Yes",0,5,1,6,7,6,7,7,6,6,7,7,7,6,7,7,7,7,6,7,7,7,7,7,7,7,7,7,7,7,"Somewhat flexible",7,"Male",46,"","2",6.5,6.5,6.5,26,26,26,5,0,0,5
"180","Yes","Yes","Yes",0,500,7,7,5,6,6,6,7,5,6,6,7,5,6,7,7,5,7,6,6,6,7,7,5,5,7,7,6,6,"Somewhat flexible",7,"Male",29,"","2",6,6,6,24,24,24,500,0,0,500
"181","Yes","Yes","Yes",5,0,4,4,3,5,4,4,3,4,5,4,6,5,5,5,4,4,5,3,4,5,3,4,4,4,6,5,5,4,"Somewhat flexible",5,"Male",40,"","1",4,4,4,16,16,16,5,0,0,5
"182","Yes","Yes","Yes",0,5,5,5,5,5,3,6,7,4,3,4,5,3,3,4,5,4,3,3,4,5,5,3,5,3,5,3,5,5,"Somewhat flexible",4,"Male",29,"","2",5,4.5,4.5,20,18,18,5,0,0,5
"183","Yes","Yes","Yes",0,55,6,5,7,6,7,5,5,6,7,6,7,7,6,7,7,6,6,6,7,7,6,7,7,7,5,6,6,7,"Somewhat flexible",6,"Female",49,"","2",5.75,6.25,6.25,23,25,25,55,1,1,55
"185","Yes","Yes","Yes",4,0,7,7,6,7,6,5,6,6,7,7,6,7,7,6,6,7,7,6,6,7,7,7,7,6,7,6,7,7,"Somewhat flexible",7,"Male",67,"","1",6,6.5,6.5,24,26,26,4,0,0,4
"186","Yes","Yes","Yes",0,10,4,5,5,4,4,4,5,6,5,5,4,6,5,6,6,5,5,5,5,6,6,5,5,6,5,4,4,5,"Somewhat flexible",5,"Male",35,"","2",5,4.5,4.5,20,18,18,10,0,0,10
"187","Yes","Yes","Yes",200,0,4,5,6,4,4,2,2,7,7,3,4,6,1,1,1,1,1,7,7,4,5,1,1,1,1,1,6,7,"Somewhat flexible",2,"Female",32,"","1",4.5,4.75,4.75,18,19,19,200,1,1,200
"188","Yes","Yes","Yes",0,5,1,7,7,4,4,1,1,7,7,5,7,7,7,7,1,7,7,7,7,7,7,7,7,1,7,7,7,7,"Somewhat flexible",0,"Female",25,"","2",4,5.5,5.5,16,22,22,5,1,1,5
"189","Yes","Yes","Yes",50,0,3,5,6,5,5,5,5,4,4,3,3,3,3,3,2,4,4,4,5,4,3,4,4,3,4,3,3,3,"Somewhat flexible",3,"Male",30,"","1",4.5,5.25,5.25,18,21,21,50,0,0,50
"190","Yes","Yes","Yes",20,0,1,7,6,5,5,5,7,6,5,2,1,7,7,1,1,1,7,7,7,1,7,7,1,1,7,1,7,7,"Somewhat flexible",0,"Female",32,"","1",5.75,5.75,5.75,23,23,23,20,1,1,20
"191","Yes","Yes","Yes",0,10,1,5,3,4,4,4,5,6,5,2,6,6,1,1,1,1,1,1,2,6,6,1,1,1,1,1,1,4,"Somewhat flexible",4,"Male",61,"","2",5,4,4,20,16,16,10,0,0,10
"192","Yes","Yes","Yes",0,400,7,6,5,7,7,7,6,6,7,7,6,7,7,7,6,6,7,6,7,7,7,7,7,7,7,7,7,7,"Somewhat flexible",7,"Female",34,"","2",6.5,6.25,6.25,26,25,25,400,1,1,400
"193","Yes","Yes","Yes",500,0,6,6,7,6,6,6,6,7,7,6,6,6,6,7,7,7,7,7,6,6,7,7,7,4,6,6,7,6,"Somewhat flexible",6,"Female",30,"","1",6.5,6.25,6.25,26,25,25,500,1,1,500
"194","Yes","Yes","Yes",50,0,7,6,6,5,7,6,5,6,6,7,7,7,7,7,7,6,5,6,5,7,7,6,7,6,7,6,6,5,"Somewhat flexible",7,"Male",29,"","1",5.75,6,6,23,24,24,50,0,0,50
"195","Yes","Yes","Yes",0,10,6,6,5,6,5,6,5,6,5,6,6,6,6,5,6,6,5,5,5,5,5,5,6,6,5,6,6,6,"Somewhat flexible",5,"Female",30,"","2",5.5,5.5,5.5,22,22,22,10,1,1,10
"196","Yes","Yes","Yes",100,0,2,6,5,6,5,6,6,5,5,5,6,5,5,6,6,5,5,5,6,5,5,5,6,6,6,5,6,5,"Somewhat flexible",5,"Female",28,"","1",5.5,5.5,5.5,22,22,22,100,1,1,100
"197","Yes","Yes","Yes",25,0,1,3,5,4,4,6,4,6,5,5,6,7,7,6,1,6,1,1,1,7,6,7,7,1,6,1,1,1,"Somewhat flexible",6,"Female",26,"","1",5.25,4,4,21,16,16,25,1,1,25
"198","Yes","Yes","Yes",0,50,5,5,5,5,5,6,6,6,6,3,4,4,4,4,1,4,1,1,4,2,2,2,2,1,2,1,2,2,"Somewhat flexible",2,"Female",24,"","2",6,5,5,24,20,20,50,1,1,50
"199","Yes","Yes","Yes",0,200,6,6,7,7,6,7,6,6,7,6,7,6,6,7,7,6,7,6,6,6,7,7,6,7,6,6,7,6,"Somewhat flexible",6,"Female",25,"","2",6.5,6.5,6.5,26,26,26,200,1,1,200
"200","Yes","Yes","Yes",0,30,1,7,7,7,7,3,2,4,4,3,3,5,4,3,1,4,1,1,3,2,4,4,3,1,2,2,2,2,"Somewhat flexible",3,"Male",31,"","2",3.25,7,7,13,28,28,30,0,0,30
"201","Yes","Yes","Yes",0,10,4,5,4,5,4,6,4,5,5,5,5,5,5,4,5,4,6,5,5,5,5,6,5,6,5,5,6,5,"Somewhat flexible",5,"Male",35,"","2",5,4.5,4.5,20,18,18,10,0,0,10
"202","Yes","Yes","Yes",25,0,3,7,7,4,2,4,4,7,7,2,7,7,6,6,1,6,2,2,2,7,4,5,4,1,7,1,4,7,"Somewhat flexible",3,"Female",53,"","1",5.5,5,5,22,20,20,25,1,1,25
"203","Yes","Yes","Yes",0,5,7,7,7,7,7,7,7,7,7,7,7,7,7,6,7,7,7,7,7,7,7,7,6,7,7,7,6,7,"Somewhat flexible",6,"Male",46,"","2",7,7,7,28,28,28,5,0,0,5
"204","Yes","Yes","Yes",20,0,3,7,5,4,4,2,4,6,5,3,4,5,5,3,1,4,1,2,4,3,4,5,3,1,3,1,4,5,"Somewhat flexible",3,"Female",26,"","1",4.25,5,5,17,20,20,20,1,1,20
"205","Yes","Yes","Yes",500,0,6,6,5,5,6,6,5,5,3,5,5,6,6,5,5,5,5,4,5,5,4,6,6,5,5,6,5,5,"Somewhat flexible",5,"Female",47,"","1",4.75,5.5,5.5,19,22,22,500,1,1,500
"206","Yes","Yes","Yes",20,0,5,6,4,5,5,6,3,5,4,6,4,6,3,5,5,5,7,4,6,3,5,6,6,7,5,4,4,5,"Somewhat flexible",5,"Male",26,"","1",4.5,5,5,18,20,20,20,0,0,20
"207","Yes","Yes","Yes",50,0,1,4,5,5,4,4,5,4,4,4,6,6,6,5,6,6,7,5,6,6,6,6,6,5,6,7,5,6,"Somewhat flexible",5,"Male",42,"","1",4.25,4.5,4.5,17,18,18,50,0,0,50
"208","Yes","Yes","Yes",100,0,5,5,5,6,6,5,6,4,5,5,6,6,7,6,2,6,5,5,7,6,7,7,6,3,6,6,5,7,"Somewhat flexible",5,"Male",29,"","1",5,5.5,5.5,20,22,22,100,0,0,100
"209","Yes","Yes","Yes",100,0,3,5,5,5,4,5,5,4,5,5,6,6,6,6,6,6,6,6,6,6,6,6,6,6,6,6,6,6,"Somewhat flexible",4,"Male",31,"","1",4.75,4.75,4.75,19,19,19,100,0,0,100
"210","Yes","Yes","Yes",75,0,6,6,5,4,7,5,7,6,5,7,6,5,5,6,4,4,3,7,4,6,5,4,5,7,5,6,4,7,"Somewhat flexible",6,"Male",27,"","1",5.75,5.5,5.5,23,22,22,75,0,0,75
"211","Yes","Yes","Yes",0,30,7,6,7,7,7,6,7,7,7,7,7,5,7,5,7,6,7,6,6,7,7,6,7,6,5,7,5,6,"Somewhat flexible",7,"Male",35,"","2",6.75,6.75,6.75,27,27,27,30,0,0,30
"212","Yes","Yes","Yes",0,500,6,6,6,5,7,5,6,6,7,6,5,6,7,6,7,5,6,6,6,6,5,6,6,5,5,6,7,5,"Somewhat flexible",6,"Female",40,"","2",6,6,6,24,24,24,500,1,1,500
"213","Yes","Yes","Yes",0,500,6,7,6,7,6,7,7,6,6,6,3,6,2,4,5,4,4,5,3,5,4,5,4,5,3,5,4,6,"Somewhat flexible",5,"Female",25,"","2",6.5,6.5,6.5,26,26,26,500,1,1,500
"214","Yes","Yes","Yes",0,97,7,7,7,7,7,7,7,7,7,7,6,6,7,7,7,7,7,6,6,7,7,7,7,6,7,7,7,7,"Somewhat flexible",7,"Female",38,"","2",7,7,7,28,28,28,97,1,1,97
"215","Yes","Yes","Yes",0,5,7,6,7,7,6,7,7,6,6,7,6,7,7,7,6,7,6,6,7,6,7,6,7,7,7,6,7,6,"Somewhat flexible",7,"Male",54,"","2",6.5,6.5,6.5,26,26,26,5,0,0,5
"216","Yes","Yes","Yes",0,100,2,6,5,5,6,5,6,6,5,6,5,6,6,5,5,6,6,6,5,5,5,6,6,6,6,5,5,6,"Somewhat flexible",6,"Female",28,"","2",5.5,5.5,5.5,22,22,22,100,1,1,100
"217","Yes","Yes","Yes",0,50,6,3,5,6,4,4,6,3,5,5,6,5,4,4,5,5,6,5,5,5,4,4,5,5,4,6,4,4,"Somewhat flexible",5,"Male",39,"","2",4.5,4.5,4.5,18,18,18,50,0,0,50
"218","Yes","Yes","Yes",0,50,1,7,7,1,1,1,1,7,7,7,7,7,1,7,1,1,1,1,1,7,7,7,7,7,7,7,7,7,"Somewhat flexible",7,"Male",29,"","2",4,4,4,16,16,16,50,0,0,50
"219","Yes","Yes","Yes",456,0,7,7,6,6,7,7,6,7,6,7,7,6,6,6,7,6,7,7,7,6,6,7,7,6,6,7,7,7,"Somewhat flexible",7,"Female",25,"","1",6.5,6.5,6.5,26,26,26,456,1,1,456
"220","Yes","Yes","Yes",100,0,1,4,4,3,3,4,4,3,3,3,2,5,2,6,3,2,5,2,3,2,5,2,6,2,2,2,2,2,"Somewhat flexible",5,"Female",24,"","1",3.5,3.5,3.5,14,14,14,100,1,1,100
"221","Yes","Yes","Yes",500,0,7,5,6,6,7,5,6,5,4,6,7,5,7,6,5,5,6,6,6,5,6,5,7,6,5,5,6,5,"Somewhat flexible",7,"Female",34,"","1",5,6,6,20,24,24,500,1,1,500
"222","Yes","Yes","Yes",0,5,5,5,6,5,6,6,5,5,6,6,6,6,6,6,6,6,6,6,6,6,6,6,6,6,6,6,6,6,"Somewhat flexible",6,"Female",30,"","2",5.5,5.5,5.5,22,22,22,5,1,1,5
"223","Yes","Yes","Yes",500,0,7,7,6,6,7,6,5,6,5,6,7,7,7,7,7,7,6,6,7,7,7,7,6,7,7,7,6,6,"Somewhat flexible",7,"Male",32,"","1",5.5,6.5,6.5,22,26,26,500,0,0,500
"224","Yes","Yes","Yes",0,50,7,7,7,7,5,7,6,7,3,1,5,2,3,1,1,1,1,1,1,3,2,3,1,1,1,1,1,1,"Somewhat flexible",2,"Male",38,"","2",5.75,6.5,6.5,23,26,26,50,0,0,50
"225","Yes","Yes","Yes",100,0,5,7,7,2,2,4,4,7,7,4,6,6,5,6,1,5,1,1,2,3,5,4,3,1,3,1,1,1,"Somewhat flexible",3,"Male",30,"","1",5.5,4.5,4.5,22,18,18,100,0,0,100
"226","Yes","Yes","Yes",0,20,4,4,6,5,3,5,5,4,3,5,3,4,5,5,6,6,5,5,4,5,5,6,5,3,4,5,4,6,"Somewhat flexible",5,"Male",65,"","2",4.25,4.5,4.5,17,18,18,20,0,0,20
"227","Yes","Yes","Yes",0,20,6,6,6,6,6,6,6,6,6,6,6,6,6,6,7,6,7,6,7,6,7,7,7,6,6,6,6,7,"Somewhat flexible",6,"Female",64,"","2",6,6,6,24,24,24,20,1,1,20
"228","Yes","Yes","Yes",10,0,1,7,7,7,3,3,4,5,6,1,6,6,7,6,1,6,4,2,4,5,5,7,2,2,5,4,4,4,"Somewhat flexible",4,"Male",40,"","1",4.5,6,6,18,24,24,10,0,0,10
"229","Yes","Yes","Yes",0,2,7,6,7,6,7,6,6,7,7,6,6,7,7,7,6,7,6,6,6,6,7,7,6,7,6,6,6,7,"Somewhat flexible",6,"Female",43,"","2",6.5,6.5,6.5,26,26,26,2,1,1,2
"230","Yes","Yes","Yes",50,0,6,6,6,7,7,7,6,6,7,6,6,6,6,7,7,6,7,7,6,6,6,6,6,6,7,7,7,5,"Somewhat flexible",6,"Male",49,"","1",6.5,6.5,6.5,26,26,26,50,0,0,50
"231","Yes","Yes","Yes",0,50,2,6,5,4,4,3,1,6,6,4,1,7,6,1,1,1,1,4,6,1,7,7,1,1,1,7,7,7,"Somewhat flexible",4,"Male",31,"","2",4,4.75,4.75,16,19,19,50,0,0,50
"232","Yes","Yes","Yes",0,3,7,6,7,6,7,6,7,7,6,7,7,6,6,6,7,7,6,7,7,6,7,7,6,6,7,7,7,6,"Somewhat flexible",7,"Female",42,"","2",6.5,6.5,6.5,26,26,26,3,1,1,3
"233","Yes","Yes","Yes",0,0,2,4,4,7,4,3,3,2,4,2,5,5,3,4,2,2,5,4,4,4,6,7,4,3,7,2,2,4,"Somewhat flexible",4,"Male",30,"","2",3,4.75,4.75,12,19,19,0,0,0,NA
"234","Yes","Yes","Yes",0,60,6,7,7,5,6,7,6,6,5,7,6,7,6,5,6,7,5,7,7,7,7,6,6,7,7,6,7,7,"Somewhat flexible",6,"Male",27,"","2",6,6.25,6.25,24,25,25,60,0,0,60
"235","Yes","Yes","Yes",100,0,6,4,5,6,7,7,4,6,5,6,2,4,5,6,5,5,2,7,3,5,7,5,3,3,4,6,3,5,"Somewhat flexible",7,"Female",61,"","1",5.5,5.5,5.5,22,22,22,100,1,1,100
"236","Yes","Yes","Yes",50,0,1,6,6,4,4,4,6,7,7,4,7,7,7,7,1,7,1,1,7,7,7,7,7,1,7,1,1,7,"Somewhat flexible",6,"Male",43,"","1",6,5,5,24,20,20,50,0,0,50
"237","Yes","Yes","Yes",60,0,6,7,7,6,6,6,7,7,6,6,7,7,6,7,7,6,6,6,6,7,6,7,6,6,7,7,6,6,"Somewhat flexible",6,"Female",43,"","1",6.5,6.5,6.5,26,26,26,60,1,1,60
"238","Yes","Yes","Yes",0,250,4,5,5,4,4,1,1,7,7,4,4,4,1,1,1,1,1,6,6,4,4,1,1,1,1,1,6,6,"Somewhat flexible",3,"Female",32,"","2",4,4.5,4.5,16,18,18,250,1,1,250
"239","Yes","Yes","Yes",25,0,6,6,5,6,5,6,5,6,5,6,7,7,5,7,6,7,6,7,6,7,7,7,5,5,5,7,7,7,"Somewhat flexible",6,"Female",25,"","1",5.5,5.5,5.5,22,22,22,25,1,1,25
"240","Yes","Yes","Yes",0,5,6,6,4,5,6,5,6,6,7,6,6,5,7,7,6,6,7,6,7,7,7,7,7,6,6,6,7,6,"Somewhat flexible",6,"Female",40,"","2",6,5.25,5.25,24,21,21,5,1,1,5
"241","Yes","Yes","Yes",6,0,6,5,7,6,6,6,7,6,7,6,6,5,6,6,7,6,6,7,7,6,5,6,6,6,5,6,7,7,"Somewhat flexible",6,"Female",35,"","1",6.5,6,6,26,24,24,6,1,1,6
"242","Yes","Yes","Yes",50,0,6,6,7,6,7,6,7,7,6,6,6,6,7,7,5,6,7,6,6,6,6,6,7,5,7,6,6,7,"Somewhat flexible",6,"Male",37,"","1",6.5,6.5,6.5,26,26,26,50,0,0,50
"243","Yes","Yes","Yes",75,0,6,6,5,5,7,6,5,7,5,6,6,6,7,4,7,5,4,6,5,6,5,7,5,5,6,6,4,7,"Somewhat flexible",7,"Male",27,"","1",5.75,5.75,5.75,23,23,23,75,0,0,75
"244","Yes","Yes","Yes",0,500,2,5,4,4,6,3,3,7,7,5,5,5,5,6,6,6,4,5,6,5,4,3,4,5,4,2,4,6,"Somewhat flexible",0,"Male",28,"","2",5,4.75,4.75,20,19,19,500,0,0,500
"245","Yes","Yes","Yes",0,2,2,5,5,5,5,5,5,5,2,4,6,6,4,4,3,6,3,2,6,6,6,4,4,2,6,2,2,6,"Somewhat flexible",4,"Female",61,"","2",4.25,5,5,17,20,20,2,1,1,2
"246","Yes","Yes","Yes",0,50,4,7,7,7,6,4,5,7,4,2,4,6,4,4,1,4,7,3,3,4,4,4,4,1,4,6,6,6,"Somewhat flexible",2,"Male",31,"","2",5,6.75,6.75,20,27,27,50,0,0,50
"247","Yes","Yes","Yes",20,0,6,7,7,6,6,6,7,7,6,6,6,7,6,7,7,6,6,7,6,6,6,6,6,7,7,7,6,7,"Somewhat flexible",6,"Male",35,"","1",6.5,6.5,6.5,26,26,26,20,0,0,20
"248","Yes","Yes","Yes",0,85,6,6,6,7,7,6,7,6,7,6,7,7,6,6,6,6,6,7,7,7,6,7,7,6,6,7,6,7,"Somewhat flexible",6,"Female",32,"","2",6.5,6.5,6.5,26,26,26,85,1,1,85
"249","Yes","Yes","Yes",0,500,6,6,5,5,6,6,5,6,5,5,5,6,6,5,5,6,6,5,5,5,6,5,5,6,6,6,6,5,"Somewhat flexible",6,"Female",35,"","2",5.5,5.5,5.5,22,22,22,500,1,1,500
"250","Yes","Yes","Yes",0,4,2,5,5,3,5,4,5,6,4,5,4,5,6,5,5,4,3,5,6,4,4,3,3,5,6,5,6,3,"Somewhat flexible",5,"Male",46,"","2",4.75,4.5,4.5,19,18,18,4,0,0,4
"251","Yes","Yes","Yes",100,0,3,3,3,4,4,4,4,4,4,4,6,6,5,6,7,6,5,6,6,6,5,6,5,6,6,6,7,6,"Somewhat flexible",4,"Male",48,"","1",4,3.5,3.5,16,14,14,100,0,0,100
"252","Yes","Yes","Yes",500,0,7,6,6,5,7,5,7,6,6,7,7,6,7,5,6,7,5,7,6,6,6,7,6,7,7,5,6,5,"Somewhat flexible",7,"Male",28,"","1",6,6,6,24,24,24,500,0,0,500
"253","Yes","Yes","Yes",50,0,7,7,4,5,6,4,5,7,6,7,4,6,5,6,7,5,7,6,4,4,6,6,7,6,4,7,5,5,"Somewhat flexible",7,"Female",68,"","1",5.5,5.5,5.5,22,22,22,50,1,1,50
"254","Yes","Yes","Yes",0,15,3,5,5,4,5,4,5,5,4,5,6,5,5,5,5,5,5,5,6,5,5,5,5,6,5,5,6,5,"Somewhat flexible",4,"Male",35,"","2",4.5,4.75,4.75,18,19,19,15,0,0,15
"255","Yes","Yes","Yes",50,0,5,5,6,6,5,6,6,5,5,1,6,5,5,6,6,5,6,6,5,5,5,5,6,5,6,6,6,5,"Somewhat flexible",7,"Male",36,"","1",5.5,5.5,5.5,22,22,22,50,0,0,50
"256","Yes","Yes","Yes",0,50,1,5,5,5,5,2,3,5,5,5,2,6,5,2,1,4,5,6,7,2,4,5,2,1,2,6,6,6,"Somewhat flexible",3,"Female",39,"","2",3.75,5,5,15,20,20,50,1,1,50
"257","Yes","Yes","Yes",20,0,6,6,6,5,5,7,6,7,6,5,7,7,7,6,5,6,5,5,6,5,7,6,6,6,5,7,6,6,"Somewhat flexible",6,"Female",39,"","1",6.5,5.5,5.5,26,22,22,20,1,1,20
"258","Yes","Yes","Yes",0,55,6,6,7,5,7,6,7,5,5,6,6,5,6,5,6,7,7,7,7,7,6,7,6,7,5,6,7,6,"Somewhat flexible",6,"Female",49,"","2",5.75,6.25,6.25,23,25,25,55,1,1,55
"259","Yes","Yes","Yes",0,50,1,7,7,5,3,2,3,4,4,3,4,5,6,3,1,3,2,7,7,4,5,4,3,1,2,2,6,6,"Somewhat flexible",5,"Male",48,"","2",3.25,5.5,5.5,13,22,22,50,0,0,50
"260","Yes","Yes","Yes",10,0,4,5,4,4,5,4,5,4,4,5,5,4,5,3,4,4,4,4,4,4,4,3,4,5,5,5,4,5,"Somewhat flexible",5,"Female",28,"","1",4.25,4.5,4.5,17,18,18,10,1,1,10
"261","Yes","Yes","Yes",0,2,6,6,7,7,6,6,6,6,7,6,6,6,7,6,7,6,7,6,7,5,7,6,7,6,6,7,7,6,"Somewhat flexible",6,"Male",38,"","2",6.25,6.5,6.5,25,26,26,2,0,0,2
"262","Yes","Yes","Yes",200,0,5,6,5,6,5,4,5,5,4,6,4,4,4,4,4,4,4,4,4,4,4,4,4,4,4,4,4,4,"Somewhat flexible",5,"Male",29,"","1",4.5,5.5,5.5,18,22,22,200,0,0,200
"263","Yes","Yes","Yes",78,0,6,6,7,6,4,4,7,6,3,6,6,7,4,6,7,5,6,5,4,7,7,2,3,5,6,4,5,4,"Somewhat flexible",5,"Male",32,"","1",5,5.75,5.75,20,23,23,78,0,0,78
"264","Yes","Yes","Yes",0,20,3,7,4,7,5,1,3,5,7,2,3,6,6,3,1,5,1,1,1,5,6,6,5,1,4,1,1,1,"Somewhat flexible",3,"Female",38,"","2",4,5.75,5.75,16,23,23,20,1,1,20
"265","Yes","Yes","Yes",500,0,7,5,7,6,6,6,5,7,5,6,5,5,6,7,7,7,6,7,6,7,6,7,7,6,5,5,6,6,"Somewhat flexible",7,"Male",29,"","1",5.75,6,6,23,24,24,500,0,0,500
"266","Yes","Yes","Yes",500,0,6,6,6,7,6,6,6,5,6,5,7,5,7,7,6,6,7,6,7,7,7,7,7,6,5,7,6,6,"Somewhat flexible",6,"Male",35,"","1",5.75,6.25,6.25,23,25,25,500,0,0,500
"267","Yes","Yes","Yes",0,5,4,5,3,4,4,4,4,5,2,6,3,2,4,2,4,5,4,3,2,7,7,2,7,3,3,5,7,3,"Somewhat flexible",3,"Male",33,"","2",3.75,4,4,15,16,16,5,0,0,5
"268","Yes","Yes","Yes",0,3,3,3,5,5,6,3,4,4,5,5,5,6,4,6,1,1,1,1,3,2,2,3,1,1,1,1,1,1,"Somewhat flexible",7,"Male",33,"","2",4,4.75,4.75,16,19,19,3,0,0,3
"269","Yes","Yes","Yes",100,0,4,5,2,3,3,4,4,6,2,4,6,3,4,4,5,3,6,6,6,5,4,5,2,4,5,2,6,5,"Somewhat flexible",5,"Male",25,"","1",4,3.25,3.25,16,13,13,100,0,0,100
"270","Yes","Yes","Yes",10,0,1,7,7,7,7,5,6,7,7,1,6,7,6,2,1,2,6,5,7,5,6,7,2,1,1,4,7,7,"Somewhat flexible",4,"Male",49,"","1",6.25,7,7,25,28,28,10,0,0,10
"271","Yes","Yes","Yes",0,20,1,7,4,7,7,2,4,6,6,2,4,6,4,4,1,4,1,1,1,2,6,6,4,1,2,1,1,1,"Somewhat flexible",4,"Male",40,"","2",4.5,6.25,6.25,18,25,25,20,0,0,20
"272","Yes","Yes","Yes",50,0,2,6,7,5,6,6,6,5,6,5,6,6,6,6,7,5,6,5,6,6,5,6,6,6,7,6,5,6,"Somewhat flexible",6,"Male",42,"","1",5.75,6,6,23,24,24,50,0,0,50
"273","Yes","Yes","Yes",20,0,4,7,7,7,7,7,4,7,4,5,7,4,7,7,3,7,1,1,7,7,4,7,7,3,7,1,1,7,"Somewhat flexible",5,"Male",30,"","1",5.5,7,7,22,28,28,20,0,0,20
"274","Yes","Yes","Yes",25,0,6,6,6,7,7,6,6,7,7,6,6,6,6,7,7,6,6,6,7,7,6,6,6,7,7,7,6,6,"Somewhat flexible",6,"Male",35,"","1",6.5,6.5,6.5,26,26,26,25,0,0,25
"275","Yes","Yes","Yes",0,40,3,5,4,5,5,4,2,6,5,3,4,4,6,4,1,3,2,6,5,2,3,4,3,1,3,2,6,6,"Somewhat flexible",4,"Female",57,"","2",4.25,4.75,4.75,17,19,19,40,1,1,40
"276","Yes","Yes","Yes",0,50,2,7,7,7,7,3,4,7,7,1,5,5,1,5,1,1,1,1,1,3,3,2,2,1,1,1,1,1,"Somewhat flexible",0,"Male",27,"","2",5.25,7,7,21,28,28,50,0,0,50
"277","Yes","Yes","Yes",0,100,4,6,3,3,5,6,4,5,2,5,3,7,3,6,3,7,4,5,3,6,4,6,5,5,7,3,6,5,"Somewhat flexible",4,"Male",25,"","2",4.25,4.25,4.25,17,17,17,100,0,0,100
"278","Yes","Yes","Yes",300,0,6,6,5,6,4,5,5,7,6,6,6,4,6,4,4,5,6,5,5,5,5,4,6,4,7,4,6,6,"Somewhat flexible",6,"Male",48,"","1",5.75,5.25,5.25,23,21,21,300,0,0,300
"279","Yes","Yes","Yes",0,100,2,6,6,4,4,5,5,4,4,6,6,6,6,6,6,6,6,6,6,6,6,6,6,3,6,4,6,6,"Somewhat flexible",5,"Male",50,"","2",4.5,5,5,18,20,20,100,0,0,100
"280","Yes","Yes","Yes",500,0,7,5,7,7,7,7,5,6,7,7,6,7,5,7,7,6,5,5,7,7,6,5,5,7,6,6,7,6,"Somewhat flexible",7,"Female",53,"","1",6.25,6.5,6.5,25,26,26,500,1,1,500
"281","Yes","Yes","Yes",25,0,1,7,5,3,3,1,3,6,6,2,5,7,7,3,1,5,1,4,7,4,7,7,2,1,2,2,7,7,"Somewhat flexible",5,"Male",45,"","1",4,4.5,4.5,16,18,18,25,0,0,25
"282","Yes","Yes","Yes",10,0,5,5,5,6,5,5,5,6,5,6,6,4,5,6,6,5,5,6,5,6,6,5,5,5,6,6,6,6,"Somewhat flexible",6,"Female",45,"","1",5.25,5.25,5.25,21,21,21,10,1,1,10
"283","Yes","Yes","Yes",0,500,6,5,6,6,7,6,6,5,7,6,6,6,7,6,6,5,5,7,7,7,7,7,6,6,5,5,6,6,"Somewhat flexible",6,"Male",33,"","2",6,6,6,24,24,24,500,0,0,500
"284","Yes","Yes","Yes",0,50,4,5,6,2,3,4,6,2,3,3,7,7,5,2,2,1,2,2,6,4,7,6,2,3,4,5,3,6,"Somewhat flexible",3,"Male",25,"","2",3.75,4,4,15,16,16,50,0,0,50
"285","Yes","Yes","Yes",5,0,5,6,4,5,5,3,4,4,5,4,4,4,4,5,4,5,3,3,4,5,6,6,5,5,4,5,6,5,"Somewhat flexible",5,"Male",40,"","1",4,5,5,16,20,20,5,0,0,5
"286","Yes","Yes","Yes",0,15,2,7,7,4,5,2,1,6,7,6,2,7,7,1,1,1,7,6,6,4,7,6,3,1,1,7,7,7,"Somewhat flexible",5,"Female",37,"","2",4,5.75,5.75,16,23,23,15,1,1,15
"287","Yes","Yes","Yes",0,5,6,6,6,6,6,5,5,5,5,5,6,6,6,6,6,6,6,6,6,5,5,6,5,5,5,5,5,5,"Somewhat flexible",6,"Female",29,"","2",5,6,6,20,24,24,5,1,1,5
"288","Yes","Yes","Yes",0,495,7,7,7,6,7,6,6,6,7,6,5,6,6,7,7,6,5,7,6,6,6,7,7,5,5,6,6,6,"Somewhat flexible",6,"Male",30,"","2",6.25,6.75,6.75,25,27,27,495,0,0,495
"289","Yes","Yes","Yes",30,0,1,7,4,6,4,1,3,7,7,3,1,5,1,1,1,1,1,1,1,1,6,1,1,1,1,1,1,1,"Somewhat flexible",0,"Female",32,"","1",4.5,5.25,5.25,18,21,21,30,1,1,30
"290","Yes","Yes","Yes",0,56,4,6,5,3,4,4,3,5,6,5,3,4,4,5,4,5,6,3,4,3,3,5,4,4,3,2,4,5,"Somewhat flexible",5,"Male",25,"","2",4.5,4.5,4.5,18,18,18,56,0,0,56
"291","Yes","Yes","Yes",500,0,7,7,6,7,6,7,6,7,7,7,6,7,7,7,6,7,7,6,7,7,7,6,7,7,7,6,7,7,"Somewhat flexible",7,"Female",36,"","1",6.75,6.5,6.5,27,26,26,500,1,1,500
"292","Yes","Yes","Yes",0,100,1,7,7,4,4,1,2,7,7,1,1,7,1,1,1,2,1,4,7,1,4,1,1,1,1,2,4,7,"Somewhat flexible",0,"Male",29,"","2",4.25,5.5,5.5,17,22,22,100,0,0,100
"293","Yes","Yes","Yes",75,0,4,7,7,6,5,6,7,6,5,7,7,7,7,7,7,7,7,6,6,6,6,7,7,6,6,6,7,7,"Somewhat flexible",6,"Male",39,"","1",6,6.25,6.25,24,25,25,75,0,0,75
"294","Yes","Yes","Yes",0,56,7,7,6,6,7,7,6,6,6,7,7,7,7,7,6,6,7,7,7,6,6,7,6,6,6,6,6,7,"Somewhat flexible",7,"Male",33,"","2",6.25,6.5,6.5,25,26,26,56,0,0,56
"295","Yes","Yes","Yes",100,0,2,5,4,5,4,2,2,6,5,3,3,6,6,3,3,5,4,5,5,6,6,4,6,3,6,3,6,6,"Somewhat flexible",5,"Male",29,"","1",3.75,4.5,4.5,15,18,18,100,0,0,100
"296","Yes","Yes","Yes",200,0,5,4,5,6,4,5,4,5,5,4,5,4,3,3,1,6,1,1,2,3,5,2,3,1,4,5,1,1,"Somewhat flexible",4,"Male",20,"","1",4.75,4.75,4.75,19,19,19,200,0,0,200
"297","Yes","Yes","Yes",50,0,6,5,4,5,4,5,6,5,5,6,6,6,5,5,6,6,6,6,5,5,6,6,6,5,5,6,6,5,"Somewhat flexible",5,"Female",47,"","1",5.25,4.5,4.5,21,18,18,50,1,1,50
"298","Yes","Yes","Yes",50,0,1,7,7,1,1,1,1,7,7,1,7,7,7,7,1,7,1,1,1,7,7,7,7,1,7,1,7,7,"Somewhat flexible",4,"Female",34,"","1",4,4,4,16,16,16,50,1,1,50
"299","Yes","Yes","Yes",0,50,2,6,5,6,6,6,6,6,5,6,5,6,6,5,6,6,6,6,6,6,6,5,5,6,5,6,6,6,"Somewhat flexible",6,"Male",37,"","2",5.75,5.75,5.75,23,23,23,50,0,0,50
"300","Yes","Yes","Yes",0,100,1,7,7,2,2,2,2,7,7,3,7,7,5,5,1,7,1,1,7,7,7,4,4,1,5,1,7,4,"Somewhat flexible",3,"Male",27,"","2",4.5,4.5,4.5,18,18,18,100,0,0,100
"301","Yes","Yes","Yes",0,55,6,7,7,5,4,1,1,7,6,5,5,7,6,1,1,1,7,7,7,5,7,7,1,1,1,7,6,7,"Somewhat flexible",5,"Male",41,"","2",3.75,5.75,5.75,15,23,23,55,0,0,55
"302","Yes","Yes","Yes",500,0,6,5,6,6,5,6,6,5,5,5,6,6,6,6,7,6,5,6,7,6,6,6,6,7,6,5,6,7,"Somewhat flexible",6,"Male",55,"","1",5.5,5.5,5.5,22,22,22,500,0,0,500
"303","Yes","Yes","Yes",50,0,1,6,7,6,6,7,7,6,6,6,6,7,6,1,1,6,1,6,7,7,7,7,1,1,1,1,7,7,"Somewhat flexible",6,"Male",42,"","1",6.5,6.25,6.25,26,25,25,50,0,0,50
"304","Yes","Yes","Yes",0,50,5,5,6,4,4,4,5,6,5,6,5,4,6,5,6,5,5,6,6,6,5,6,6,5,6,4,5,5,"Somewhat flexible",5,"Female",32,"","2",5,4.75,4.75,20,19,19,50,1,1,50
"305","Yes","Yes","Yes",25,0,1,7,7,5,2,2,1,7,7,3,7,7,7,7,1,5,2,3,3,7,7,7,6,3,5,1,7,7,"Somewhat flexible",5,"Female",30,"","1",4.25,5.25,5.25,17,21,21,25,1,1,25
"306","Yes","Yes","Yes",0,50,4,5,7,7,7,7,6,6,6,2,3,4,5,3,1,3,2,4,4,3,3,4,3,1,3,4,4,5,"Somewhat flexible",3,"Male",56,"","2",6.25,6.5,6.5,25,26,26,50,0,0,50
"307","Yes","Yes","Yes",30,0,7,7,6,7,6,7,6,7,6,7,6,7,7,7,6,7,6,6,7,6,7,6,7,7,7,7,6,6,"Somewhat flexible",7,"Male",39,"","1",6.5,6.5,6.5,26,26,26,30,0,0,30
"308","Yes","Yes","Yes",15,0,6,3,6,5,4,5,6,6,4,6,4,5,6,5,7,6,6,5,4,5,6,5,6,6,4,5,5,4,"Somewhat flexible",6,"Female",34,"","1",5.25,4.5,4.5,21,18,18,15,1,1,15
"309","Yes","Yes","Yes",60,0,4,7,7,6,6,5,5,7,7,1,5,6,2,5,1,5,1,2,4,3,4,1,2,1,1,1,3,6,"Somewhat flexible",2,"Male",31,"","1",6,6.5,6.5,24,26,26,60,0,0,60
"310","Yes","Yes","Yes",250,0,5,6,5,7,6,5,6,6,7,6,7,7,6,6,6,6,5,6,5,7,6,7,5,6,6,5,7,6,"Somewhat flexible",5,"Male",50,"","1",6,6,6,24,24,24,250,0,0,250
"311","Yes","Yes","Yes",0,97,7,7,7,7,7,7,7,7,7,7,7,7,7,7,7,7,7,7,7,7,7,7,7,7,7,7,7,7,"Somewhat flexible",7,"Male",49,"","2",7,7,7,28,28,28,97,0,0,97
"312","Yes","Yes","Yes",0,5,1,5,5,3,2,4,5,4,4,4,4,3,4,3,4,4,4,3,4,4,4,4,4,3,5,4,4,4,"Somewhat flexible",4,"Female",49,"","2",4.25,3.75,3.75,17,15,15,5,1,1,5
"313","Yes","Yes","Yes",400,0,6,5,6,6,5,5,6,5,6,6,7,7,7,6,7,7,7,7,7,5,7,7,5,7,7,7,7,6,"Somewhat flexible",6,"Male",38,"","1",5.5,5.5,5.5,22,22,22,400,0,0,400
"314","Yes","Yes","Yes",10,0,6,5,6,7,7,5,7,7,6,7,6,7,7,7,7,6,6,5,7,6,6,7,7,6,7,7,6,7,"Somewhat flexible",6,"Female",36,"","1",6.25,6.25,6.25,25,25,25,10,1,1,10
"315","Yes","Yes","Yes",25,0,3,5,6,5,5,7,7,6,6,2,1,3,1,1,1,1,1,1,1,1,1,1,1,1,1,1,1,1,"Somewhat flexible",4,"Male",36,"","1",6.5,5.25,5.25,26,21,21,25,0,0,25
"316","Yes","Yes","Yes",0,180,5,6,6,4,5,6,5,5,4,5,5,7,5,6,6,6,7,5,6,7,5,6,7,5,6,5,4,6,"Somewhat flexible",6,"Female",27,"","2",5,5.25,5.25,20,21,21,180,1,1,180
"317","Yes","Yes","Yes",5,0,5,7,6,6,5,6,7,6,6,5,6,6,5,6,7,6,6,6,7,5,6,7,6,6,6,5,5,7,"Somewhat flexible",6,"Male",63,"","1",6.25,6,6,25,24,24,5,0,0,5
"319","Yes","Yes","Yes",60,0,7,6,7,7,6,6,6,7,7,7,7,6,6,7,7,6,6,7,7,6,7,6,7,6,6,6,6,7,"Somewhat flexible",7,"Female",37,"","1",6.5,6.5,6.5,26,26,26,60,1,1,60
"320","Yes","Yes","Yes",50,0,7,6,7,7,6,7,6,6,7,7,6,6,6,6,6,6,7,6,6,6,6,7,6,6,6,6,6,7,"Somewhat flexible",7,"Female",37,"","1",6.5,6.5,6.5,26,26,26,50,1,1,50
"321","Yes","Yes","Yes",50,0,2,6,6,5,6,6,6,5,6,6,6,6,6,6,6,6,5,5,5,6,6,5,6,6,6,5,6,5,"Somewhat flexible",6,"Male",40,"","1",5.75,5.75,5.75,23,23,23,50,0,0,50
"322","Yes","Yes","Yes",0,60,6,5,6,6,7,7,5,5,6,6,7,7,7,7,5,7,7,7,7,6,6,7,7,7,6,7,7,7,"Somewhat flexible",6,"Male",29,"","2",5.75,6,6,23,24,24,60,0,0,60
"323","Yes","Yes","Yes",0,25,1,7,7,1,1,1,1,7,7,7,7,7,7,7,1,7,1,7,7,7,7,7,7,1,7,1,7,7,"Somewhat flexible",7,"Male",30,"","2",4,4,4,16,16,16,25,0,0,25
"324","Yes","Yes","Yes",0,25,7,6,7,7,6,7,7,6,6,7,7,7,7,6,6,7,7,7,6,7,7,7,7,7,7,7,7,7,"Somewhat flexible",7,"Male",33,"","2",6.5,6.5,6.5,26,26,26,25,0,0,25
"325","Yes","Yes","Yes",0,50,6,6,5,7,7,7,5,6,6,7,5,6,7,7,5,7,7,6,7,6,5,6,6,6,5,7,7,7,"Somewhat flexible",7,"Male",30,"","2",6,6.25,6.25,24,25,25,50,0,0,50
"326","Yes","Yes","Yes",300,0,7,7,5,4,5,5,6,6,7,6,7,7,6,5,6,6,7,7,5,6,5,5,7,6,6,6,7,6,"Somewhat flexible",6,"Male",35,"","1",6,5.25,5.25,24,21,21,300,0,0,300
"327","Yes","Yes","Yes",0,95,7,7,5,6,6,4,5,7,7,7,6,5,6,7,5,7,7,4,6,7,6,4,6,7,6,4,4,5,"Somewhat flexible",7,"Female",57,"","2",5.75,6,6,23,24,24,95,1,1,95
"328","Yes","Yes","Yes",0,10,5,4,5,5,4,4,4,4,5,5,4,5,5,4,4,4,5,4,3,4,4,5,5,5,4,4,5,4,"Somewhat flexible",4,"Male",26,"","2",4.25,4.5,4.5,17,18,18,10,0,0,10
"329","Yes","Yes","Yes",100,0,1,6,6,6,6,1,6,7,7,4,7,7,2,2,2,5,2,2,7,7,1,1,1,1,6,1,1,7,"Somewhat flexible",3,"Female",25,"","1",5.25,6,6,21,24,24,100,1,1,100
"330","Yes","Yes","Yes",0,5,6,7,6,6,7,7,7,6,6,6,6,6,7,7,7,6,7,6,6,6,7,7,7,6,6,7,6,6,"Somewhat flexible",6,"Male",30,"","2",6.5,6.5,6.5,26,26,26,5,0,0,5
"332","Yes","Yes","Yes",0,100,1,7,7,7,7,7,7,7,7,2,6,4,7,1,1,5,1,1,1,5,5,5,1,1,1,1,1,1,"Somewhat flexible",4,"Male",43,"","2",7,7,7,28,28,28,100,0,0,100
"333","Yes","Yes","Yes",500,0,7,6,7,7,7,6,7,6,7,6,6,7,6,6,7,7,7,7,7,7,7,7,7,7,6,6,7,7,"Somewhat flexible",7,"Male",37,"","1",6.5,6.75,6.75,26,27,27,500,0,0,500
"334","Yes","Yes","Yes",50,0,5,7,7,7,5,3,5,7,7,3,4,4,5,4,1,3,1,1,1,4,7,7,4,1,6,1,1,5,"Somewhat flexible",0,"Male",42,"","1",5.5,6.5,6.5,22,26,26,50,0,0,50
"335","Yes","Yes","Yes",0,30,2,7,6,7,6,2,2,5,5,1,5,3,5,3,1,3,1,1,7,5,2,5,2,1,3,1,1,7,"Somewhat flexible",5,"Male",54,"","2",3.5,6.5,6.5,14,26,26,30,0,0,30
"336","Yes","Yes","Yes",0,0,5,7,6,6,6,2,1,6,2,7,7,7,7,7,7,7,6,6,7,7,7,7,7,7,7,7,6,7,"Somewhat flexible",6,"Male",29,"","1",2.75,6.25,6.25,11,25,25,0,0,0,NA
"337","Yes","Yes","Yes",0,5,6,4,5,6,5,5,6,6,5,5,5,5,5,6,5,4,6,6,5,6,6,5,5,4,4,4,5,6,"Somewhat flexible",5,"Male",35,"","2",5.5,5,5,22,20,20,5,0,0,5
"338","Yes","Yes","Yes",65,0,6,7,6,7,6,5,6,7,6,7,5,5,6,7,7,6,7,6,7,5,7,5,6,6,7,6,6,7,"Somewhat flexible",6,"Male",30,"","1",6,6.5,6.5,24,26,26,65,0,0,65
"339","Yes","Yes","Yes",500,0,1,6,7,7,6,6,5,7,7,6,7,6,7,7,6,6,6,6,6,7,6,6,7,6,6,6,6,7,"Somewhat flexible",6,"Female",28,"","1",6.25,6.5,6.5,25,26,26,500,1,1,500
"340","Yes","Yes","Yes",0,5,6,6,6,5,5,6,6,5,5,6,6,5,6,5,6,5,6,5,6,5,6,5,6,6,5,5,6,6,"Somewhat flexible",6,"Female",47,"","2",5.5,5.5,5.5,22,22,22,5,1,1,5
"341","Yes","Yes","Yes",200,0,5,5,5,5,4,6,5,4,5,5,5,6,1,1,1,1,2,5,5,6,6,1,1,1,2,1,6,6,"Somewhat flexible",5,"Female",23,"","1",5,4.75,4.75,20,19,19,200,1,1,200
"342","Yes","Yes","Yes",0,5,5,5,5,5,5,5,5,6,5,6,5,5,5,5,5,5,5,5,5,5,5,2,2,5,4,4,6,5,"Somewhat flexible",5,"Female",30,"","2",5.25,5,5,21,20,20,5,1,1,5
"343","Yes","Yes","Yes",100,0,3,7,6,6,6,7,7,7,7,4,6,4,6,4,1,1,1,1,4,6,6,1,1,1,1,1,1,6,"Somewhat flexible",3,"Female",65,"","1",7,6.25,6.25,28,25,25,100,1,1,100
"344","Yes","Yes","Yes",0,500,6,6,6,6,5,6,5,6,5,6,5,5,6,6,6,6,5,6,6,6,6,5,6,5,6,5,6,5,"Somewhat flexible",5,"Male",38,"","2",5.5,5.75,5.75,22,23,23,500,0,0,500
"345","Yes","Yes","Yes",0,500,5,6,5,6,5,5,6,5,6,5,6,5,5,6,5,6,6,5,6,6,5,7,5,6,6,5,6,5,"Somewhat flexible",5,"Female",31,"","2",5.5,5.5,5.5,22,22,22,500,1,1,500
"346","Yes","Yes","Yes",4,0,7,6,7,5,6,6,7,6,5,7,6,6,6,7,6,6,7,7,6,6,7,6,6,6,6,7,6,7,"Somewhat flexible",7,"Female",41,"","1",6,6,6,24,24,24,4,1,1,4
"347","Yes","Yes","Yes",0,20,1,7,3,3,2,1,4,2,7,6,7,5,7,7,1,2,5,7,7,5,2,7,5,1,2,7,7,7,"Somewhat flexible",6,"Male",39,"","2",3.5,3.75,3.75,14,15,15,20,0,0,20
"348","Yes","Yes","Yes",100,0,7,7,7,7,7,4,1,7,6,1,4,4,1,1,1,4,1,2,2,4,6,1,1,1,4,1,1,4,"Somewhat flexible",0,"Male",27,"","1",4.5,7,7,18,28,28,100,0,0,100
"349","Yes","Yes","Yes",15,0,1,6,7,6,6,6,7,6,4,7,3,6,7,3,2,6,4,7,7,6,3,4,3,2,1,1,7,7,"Somewhat flexible",5,"Male",27,"","1",5.75,6.25,6.25,23,25,25,15,0,0,15
"350","Yes","Yes","Yes",0,50,3,6,4,1,2,6,4,3,4,4,4,4,4,4,3,4,4,4,5,3,2,3,3,2,3,3,2,3,"Somewhat flexible",4,"Male",26,"","2",4.25,3.25,3.25,17,13,13,50,0,0,50
